site,date,Clorofila a (laboratorio/campo),Clorofila de cianobacterias (FluoroProbe),Clorofila total (FluoroProbe),Biovolumen de cianobacterias (µm³/mL),% cianobacterias (biovolumen),lat,lon,embalse,punto,B1,B2,B3,B4,B5,B6,B7,B8,B8A,B11,dias_desfase,NDCI,PCI,MCI,3BDA,B5-B4,Turbidez(B4),SABI,FAI,CI_cyano,B3/B4,B5/B3,NDVI,"Sombra 620 (B3,B4)"
sp1,2025-06-30,2.2879230769230765,0.15357142857142855,1.2085714285714286,90.23870160000001,0.5505294901465742,42.179674482992,-2.6872546967838,GONZALEZ LACASA,GON-P2,0.011815134529147982,0.018854820627802693,0.019912668161434978,0.006908071748878924,0.0050216928251121075,0.0,0.0,0.0,0.0,0.010898542600896862,1,-0.1581237343006292,0.7269311911716975,0.0017979260089686097,-0.0,-0.0018863789237668167,0.006908071748878924,-0.17819239689305563,-0.007655493273542601,-0.0017979260089686097,2.8825219084712757,0.2521858338822549,-1.0,-0.005559108744394619
sp1,2026-06-18,1.1735000000000002,0.08285714285714287,0.8379591836734694,,,42.179674482992,-2.6872546967838,GONZALEZ LACASA,GON-P2,0.01370695067264574,0.020075336322869956,0.03284641255605381,0.028524159192825114,0.028079708520179377,0.023774327354260095,0.027529484304932735,0.030977354260089688,0.03778940582959642,0.05120498878923768,3,-0.007851948826168749,0.9844184478974044,0.0020887929745889403,-0.013192477411521148,-0.00044445067264573673,0.028524159192825114,0.04635513979095966,-0.0017949603174603167,-0.0020887929745889403,1.1515295625020878,0.8548790061094237,0.041229120486252095,-0.0019389013452914793
sp1,2026-08-31,1.1605333333333332,0.3046153846153846,1.3707692307692307,,,42.179674482992,-2.6872546967838,GONZALEZ LACASA,GON-P2,0.011816143497757847,0.013514517937219733,0.02228038116591929,0.005546804932735427,0.0008123318385650226,0.0,0.0,0.0,0.0,0.010431726457399105,1,-0.7445150598958105,0.1464504067505432,-0.0017761771300448437,-0.0,-0.0047344730941704044,0.005546804932735427,-0.15496076457019548,-0.006461758488148624,0.0017761771300448437,4.016795513112021,0.03645951263201855,-1.0,-0.00599955156950673
sp11,2026-05-11,56.1215,75.25058823529412,100.92235294117647,36529.08622272,62.70357518827036,38.9141077,-0.4708166,BELLUS,BLL-P2,0.019666140845070425,0.027302028169014086,0.05406016901408451,0.028360338028169015,0.057298535211267605,0.01568535211267606,0.0155063661971831,0.012655943661971833,0.006510309859154932,0.005380619718309859,0,0.33783070088033434,2.0203756088645917,0.0356981896713615,0.2793256520993928,0.02893819718309859,0.028360338028169015,-0.1930183169814822,-0.011400256651017212,-0.0356981896713615,1.9061891632035217,1.0599029980157737,-0.38288196099384775,-0.027319014084507043
sp14,2024-11-26,2.670959999999999,0.5874305555555556,0.8098611111111111,9.196300800000001,2.1800592703614132,41.87893173954025,-1.8011748230073499,VAL,VAL-P1,0.0018777590090090091,0.012730292792792794,0.023045720720720718,0.006340822072072073,0.0008061373873873873,0.0,9.932432432432433e-05,6.835585585585585e-05,4.504504504504505e-07,0.002710416666666667,2,-0.7744110927282755,0.12713452265724204,-0.0021529129129129135,-0.0,-0.0055346846846846855,0.006340822072072073,-0.17532602434441016,-0.005592485521235522,0.0021529129129129135,3.6345004573184263,0.03497991653880359,-0.9786693842409974,-0.00558510698198198
sp14,2025-04-01,29.45519999999999,3.9253846153846155,27.999615384615385,0.0,0.0,41.87893173954025,-1.8011748230073499,VAL,VAL-P1,0.0,0.00045450450450450447,0.011702364864864864,0.00034410046728971963,0.0,0.0,0.0,0.0,0.0,0.004877308558558559,2,-1.0,0.0,-0.00016058021806853581,,-0.00034410046728971963,0.00034410046728971963,-0.02830502301494827,-0.001193177538352772,0.00016058021806853581,34.00857010464887,0.0,-1.0,-0.005507081965142712
sp14,2025-06-09,5.015800000000001,,,8509.83091725,8.138104097727254,41.87893173954025,-1.8011748230073499,VAL,VAL-P1,0.020322466216216216,0.024327927927927928,0.05887449324324324,0.014077815315315313,0.014825281531531532,0.0045961711711711714,0.005483502252252252,0.0029315315315315317,0.004251745495495496,0.0076676801801801794,1,0.025861111706365923,1.0530953276111705,0.005804343093093094,0.016460747377465813,0.000747466216216219,0.014077815315315313,-0.13396585852775472,-0.009945655298155295,-0.005804343093093094,4.182075977313997,0.25181162019144787,-0.6553034566315552,-0.02277207207207207
sp14,2025-09-03,13.228005599999996,12.015,14.638333333333334,274316.00344365713,99.33106032691096,41.87893173954025,-1.8011748230073499,VAL,VAL-P1,0.0,0.0,0.006417511261261261,2.015765765765766e-05,0.0,0.0,0.0,0.0,0.0,0.0076975788288288285,1,-1.0,0.0,-9.406906906906907e-06,,-2.015765765765766e-05,2.015765765765766e-05,-0.0031410397016889673,-0.0014581508294008293,9.406906906906907e-06,318.36592178770945,0.0,-1.0,-0.0031885979729729726
sp14,2026-03-12,3.7691999999999997,0.4953061224489796,1.8593877551020408,210.1498425,16.336903249228534,41.87893173954025,-1.8011748230073499,VAL,VAL-P1,0.0022608108108108102,0.012347860360360357,0.0484196509009009,0.013216666666666666,0.019852195945945946,0.00031931306306306307,0.0,4.054054054054054e-06,8.727477477477476e-06,0.00653277027027027,1,0.20065792274175343,1.5020577008281926,0.013514117867867867,0.008075357644179762,0.00663552927927928,0.013216666666666666,-0.2174288914977424,-0.011960708208208208,-0.013514117867867867,3.6635297024641282,0.41000287231679683,-0.9993867120954003,-0.02091925675675675
sp16,2025-06-30,0.3678846153846154,0.018571428571428572,0.6985714285714285,84.59878275000001,1.815588620769409,42.174426917454,-2.674036771414,GONZALEZ LACASA,GON-P1,0.011012689500280743,0.017194722066254917,0.017134194272880408,0.006723919146546885,0.0057924761370016856,0.0,0.0,0.0,0.0,0.011355249859629423,1,-0.07441783264623156,0.8614731990012776,0.0026546472019464726,-0.0,-0.0009314430095451994,0.006723919146546885,-0.1958675036555566,-0.007591374740425837,-0.0026546472019464726,2.5482451379088626,0.3380652772316162,-1.0,-0.004739416058394162
sp16,2026-06-18,1.046,0.16777777777777778,0.7688888888888888,,,42.174426917454,-2.674036771414,GONZALEZ LACASA,GON-P1,0.01670847838293094,0.018079000561482317,0.027531499157776536,0.02670123526108928,0.02572672655811343,0.02019326221224032,0.02460050533408198,0.028711173498034818,0.03622223469960697,0.05119550814149355,3,-0.01858757558297676,0.9635032352081492,0.0024964102564102616,-0.02864681364244064,-0.0009745087029758501,0.02670123526108928,0.04406744607748401,-0.0025778779533523997,-0.0024964102564102616,1.0310945875188466,0.9344469914507605,0.03627234913541972,7.212240314429658e-05
sp16,2026-08-31,0.7866000000000001,0.12043478260869565,1.2304347826086957,,,42.174426917454,-2.674036771414,GONZALEZ LACASA,GON-P1,0.03957473329590118,0.05789629421673218,0.0679842223469961,0.04722470522178551,0.0474243121841662,0.05277855137563168,0.04785092644581696,0.08217484559236388,0.0408722066254913,0.06374087591240878,1,0.0021089174283190747,1.0042267487206804,-0.0027624443196706014,0.004703951712362148,0.00019960696238068704,0.04722470522178551,0.2776453523122024,0.03185663538408067,0.0027624443196706014,1.4395901896627168,0.697578210751743,0.27009475806276667,-0.010479562043795632
sp17,2024-04-30,2.8000799999999995,,,0.0,0.0,42.709416562495996,-1.9472765021039,ALLOZ,ALL-P1,0.0607192676056338,0.07420670422535214,0.09145504225352113,0.026037746478873247,0.018272,0.00893267605633803,0.007503098591549298,0.00704050704225352,0.006877859154929578,0.010883774647887326,2,-0.1752604583864169,0.7017504381504639,0.0013569577464788672,-0.14580597197606499,-0.007765746478873247,0.026037746478873247,-0.1146748711781958,-0.016158876458752525,-0.0013569577464788672,3.5124023627669465,0.19979215524660157,-0.5743120453589355,-0.02882577464788732
sp17,2025-05-29,0.3334000000000001,0.09,1.1,164.2196571428571,9.976880604781755,42.709416562495996,-1.9472765021039,ALLOZ,ALL-P1,0.03546478873239437,0.04743938028169014,0.05253166197183099,0.008765577464788734,0.004871211267605634,0.00014326760563380283,0.0014975774647887324,0.001343943661971831,0.00047876056338028167,0.0035443380281690146,0,-0.28557795193614627,0.555720520088181,0.0007041990610328636,-0.013066741272850617,-0.0038943661971830995,0.008765577464788734,-0.07423783563240285,-0.006443687368656384,-0.0007041990610328636,5.992949373027656,0.092729053008407,-0.7341231804908495,-0.019935859154929576
sp17,2025-08-19,10.65,0.556923076923077,5.205384615384616,13514.37168,62.788872416499515,42.709416562495996,-1.9472765021039,ALLOZ,ALL-P1,0.060026985915492964,0.08460963380281691,0.09547616901408451,0.031114478873239437,0.02651149295774649,0.01587115492957747,0.016799380281690143,0.01778749295774648,0.01964523943661972,0.03528377464788733,2,-0.07987693342497149,0.8520628954048841,0.003526786854460104,-0.08856282483239554,-0.004602985915492946,0.031114478873239437,-0.07400353446541756,-0.014107901632014308,-0.003526786854460104,3.0685446927475457,0.27767654726317675,-0.27252451008628925,-0.029879352112676064
sp17,2025-09-08,1.05274664,0.21655172413793106,0.8410344827586207,210.74856000000003,11.542497376705144,42.709416562495996,-1.9472765021039,ALLOZ,ALL-P1,0.062317014084507044,0.09297526760563384,0.10058208450704226,0.021550929577464788,0.010665239436619718,8.585915492957749e-05,0.0006249014084507042,0.00018005633802816904,0.00016270422535211268,0.0052846197183098595,1,-0.3378952393776548,0.4948853550972606,0.0005623474178403746,-0.004066361267520522,-0.01088569014084507,0.021550929577464788,-0.11041106424619784,-0.018324167583277443,-0.0005623474178403746,4.667180788907508,0.10603518001133681,-0.9834286084645797,-0.0340727323943662
sp17,2026-04-20,0.1393000000000003,0.5704166666666667,0.655,0.0,0.0,42.709416562495996,-1.9472765021039,ALLOZ,ALL-P1,0.04574535211267605,0.06473571830985915,0.07765780281690142,0.016466197183098594,0.008868112676056339,0.0022500281690140847,0.0032094647887323945,0.00520118309859155,0.0066646760563380284,0.015914591549295774,2,-0.2999128276745448,0.5385647078949619,-1.6127699530517174e-05,-0.11707591494826226,-0.007598084507042255,0.016466197183098594,-0.0791118443828549,-0.011161697473731278,1.6127699530517174e-05,4.71619536395518,0.11419474095816531,-0.519906603292806,-0.026796760563380283
sp17,2026-08-27,0.04430000000000035,0.37277777777777776,1.4083333333333332,,,42.709416562495996,-1.9472765021039,ALLOZ,ALL-P1,0.06254659154929579,0.08622664788732394,0.10169707042253523,0.016775154929577468,0.006221239436619719,0.0,0.0,0.0,0.0,0.008743267605633803,3,-0.45893783716247005,0.37086032664000074,-0.0016071661971830981,-0.0,-0.010553915492957748,0.016775154929577468,-0.08926576741057056,-0.015270769684775322,0.0016071661971830981,6.06236251465111,0.06117422469272176,-1.0,-0.03718400000000001
sp19,2025-04-09,4.7983199999999995,,,251.46135000000004,11.53592617007251,42.983377942532,-2.6478397886712,URRUNAGA,URR-P2,0.022057962858750703,0.033211873944850874,0.0453312324141812,0.03424862127180642,0.029497355092853127,0.021139561057962858,0.02137203151378728,0.021162577377602697,0.019985143500281376,0.032504108047270684,0,-0.07453436985220245,0.8612713153838824,0.0022402326017632746,-0.09942123589392063,-0.00475126617895329,0.03424862127180642,-0.1666097064506908,-0.012759293798179566,-0.0022402326017632746,1.323592913548845,0.6507071068208001,-0.23616244032185837,-0.003165672481710749
sp19,2025-06-23,3.113333333333333,,,1175.6634545454544,28.984573765740226,42.983377942532,-2.6478397886712,URRUNAGA,URR-P2,0.025797411367473266,0.035700844119302196,0.037311198649409114,0.032645920090039394,0.03539195272931908,0.03462318514350028,0.03988069780528981,0.039891221159257174,0.04169881823297692,0.048513618458075405,2,0.04036035410117014,1.0841156454376524,0.0016914912774338806,0.08228852439216329,0.002746032639279687,0.032645920090039394,0.09923432894720612,0.0042732559780618296,-0.0016914912774338806,1.1429054088995685,0.9485611293776962,0.09988401726940185,-0.003705655599324703
sp19,2025-09-15,4.062100000000001,0.4504123711340206,0.5969072164948453,5029.227000000001,51.95961995249405,42.983377942532,-2.6478397886712,URRUNAGA,URR-P2,0.017252279122115924,0.027644344400675293,0.03576961170512099,0.025379234665166006,0.024668373663477773,0.023338041643218906,0.022345694991558803,0.02235588069780529,0.023433370849746765,0.03427563308947664,1,-0.014203695749460728,0.9719904476605862,0.000377775276683554,-0.02649903507311324,-0.000710861001688233,0.025379234665166006,-0.04767647617374197,-0.004689663513501436,-0.000377775276683554,1.4094046639718487,0.6896461126511503,-0.06333605657745968,-0.004839758019133375
sp19,2025-12-12,0.9065999999999999,0.779,1.182,109.206072,16.496635554590842,42.983377942532,-2.6478397886712,URRUNAGA,URR-P2,0.02902481710748453,0.03877540799099606,0.03832346651660101,0.02713303320202589,0.02407929093978616,0.022419414743950483,0.023744063027574563,0.022131176139561056,0.022687169386606643,0.02605706246482837,1,-0.059629050495416176,0.8874529714572522,-0.0005398124179328478,-0.10478873806578555,-0.0030537422622397316,0.02713303320202589,-0.06487587652102453,-0.004800326035497678,0.0005398124179328478,1.412428394247481,0.62831714164885,-0.10153125624696588,-0.004068345526167694
sp19,2026-02-25,0.9993209999999999,0.6928125,0.8721875,0.0,0.0,42.983377942532,-2.6478397886712,URRUNAGA,URR-P2,0.02107878446820484,0.04368880135059089,0.058579516038266735,0.04790945413618459,0.04145256049521665,0.027403151378728192,0.02955036578503095,0.030791446257737765,0.028864040517726508,0.03670005627462015,1,-0.07225546187159287,0.8652271507286651,0.004479801163008808,-0.08909463604186957,-0.006456893640967937,0.04790945413618459,-0.1673832944112941,-0.015018469866280786,-0.004479801163008808,1.2227130760403169,0.7076289341164581,-0.21750714150366637,-0.0021065841305571084
sp19,2026-06-17,1.0654000000000001,0.525,1.2331818181818182,,,42.983377942532,-2.6478397886712,URRUNAGA,URR-P2,0.031236240855374218,0.04467371975239167,0.04319442881260552,0.034594485087225665,0.03471575689364097,0.027274788970174452,0.029465278559369725,0.03201412492965672,0.029793697242543615,0.03990574001125492,1,0.0017496953256746577,1.003505524250745,0.004025109735509283,0.0027541509309972705,0.00012127180641530177,0.034594485087225665,-0.02936627435207904,-0.0035751666354029987,-0.004025109735509283,1.2485929102195386,0.803709132125618,-0.0387391383323408,-0.004360607765897577
sp19,2026-08-25,2.0801000000000003,0.9835,2.5475000000000003,,,42.983377942532,-2.6478397886712,URRUNAGA,URR-P2,0.024262296004501964,0.02945588069780529,0.03494530106921778,0.027781260551491275,0.028371581316826107,0.026898086662915027,0.025160213843556555,0.025763871693866063,0.026427462014631403,0.03607749015194147,3,0.01051274959011297,1.021248883370166,0.0010613468392421644,0.020145310196084586,0.000590320765334832,0.027781260551491275,-0.031325339105162595,-0.0035712858304079477,-0.0010613468392421644,1.2578731265432788,0.8118854452170607,-0.037676419368637026,-0.0038771806415306663
sp2,2025-04-09,0.9612000000000007,0.264,1.1122857142857143,51.31864285714286,3.5607463324312776,42.96069085180533,-2.6501586878592,URRUNAGA,URR-P1,0.012506880992667793,0.015405922165820646,0.02412605752961083,0.009901579244218837,0.005215341229554427,0.0,1.0716300056401579e-05,0.0,5.640157924421884e-07,0.006140721940214326,0,-0.3099995149669991,0.5267181225257042,0.0005946042489189691,-0.0,-0.00468623801466441,0.009901579244218837,-0.2504701085173105,-0.009197164701564023,-0.0005946042489189691,2.4365868246418505,0.21617047141471166,-1.0,-0.004769120135363791
sp2,2025-06-23,3.9602,,,1959.439090909091,39.736151951045066,42.96069085180533,-2.6501586878592,URRUNAGA,URR-P1,0.013290750141003947,0.018940947546531302,0.01875245346869712,0.013385786802030456,0.013751325437112239,0.01498183869148336,0.018671122391426962,0.0187727016356458,0.021426959954878734,0.021451156232374508,2,0.013470063869011383,1.0273079678085366,-0.000485689039293099,0.029751573444372684,0.0003655386350817826,0.013385786802030456,0.14291400320812092,0.0038762583371382033,0.000485689039293099,1.400922765769182,0.7333080687317471,0.16751144395531162,-0.002866102650874225
sp2,2025-09-15,5.2155,0.36800000000000005,0.881,21527.965404,90.19433139884893,42.96069085180533,-2.6501586878592,URRUNAGA,URR-P1,0.009961872532430907,0.014691539763113366,0.025108009024252677,0.0071225042301184425,0.004754371122391426,0.0019011280315848842,0.0016155668358714043,0.002481725888324873,0.002102594472645234,0.00697794698251551,1,-0.19939024679808337,0.667513976655422,0.0004166008648242149,-0.1329510218740814,-0.0023681331077270162,0.0071225042301184425,-0.11660379283663477,-0.004613702539861592,-0.0004166008648242149,3.5251658985445276,0.189356755360372,-0.48320149398354495,-0.0078086858432036095
sp2,2025-12-12,0.7749999999999999,0.23399999999999999,0.99,0.0,0.0,42.96069085180533,-2.6501586878592,URRUNAGA,URR-P1,0.025793513818386914,0.035609419063733785,0.032188042865200224,0.015860575296108292,0.013376593344613651,0.009960349689791315,0.010611336717428085,0.00872848279751833,0.009035138183869149,0.009775296108291032,1,-0.08495972992524715,0.8433863901453729,0.0006628050385410799,-0.11661611294782835,-0.0024839819514946414,0.015860575296108292,-0.10519704271622872,-0.005992310047538476,-0.0006628050385410799,2.0294372848567606,0.4155764735567573,-0.2900514721399015,-0.006921742808798644
sp2,2026-02-25,1.4165499999999998,0.8519444444444445,1.025,0.0,0.0,42.96069085180533,-2.6501586878592,URRUNAGA,URR-P1,0.011211957134799774,0.03320016920473773,0.0524696559503666,0.03347264523406655,0.024453243090806542,0.00873197969543147,0.008812915961646928,0.009190862944162437,0.008535871404399323,0.01168544839255499,1,-0.1557058925479978,0.7305440881594689,0.0041756194773453666,-0.0962196933252621,-0.00901940214326001,0.03347264523406655,-0.28343447936239163,-0.02020100573863687,-0.0041756194773453666,1.5675383759920465,0.46604542469152,-0.5691464046619357,-0.0049888042865200155
sp2,2026-06-17,4.2325,0.21846153846153846,2.0546153846153845,,,42.96069085180533,-2.6501586878592,URRUNAGA,URR-P1,0.020585391990975747,0.022511223914269598,0.021461195713479975,0.01027766497461929,0.009476762549351382,0.00530360970107163,0.006209757473209249,0.00525053581500282,0.004040496333897348,0.007178454596728709,1,-0.04054293268160099,0.9220735033448026,0.00185192705395751,-0.043611066699071964,-0.0008009024252679086,0.01027766497461929,-0.11432459714916418,-0.004446642136456013,-0.00185192705395751,2.088139257942191,0.44157663328138513,-0.3237418956468046,-0.005191314156796387
sp2,2026-08-25,3.0288999999999993,0.8173333333333334,2.9473333333333334,,,42.96069085180533,-2.6501586878592,URRUNAGA,URR-P1,0.014743654822335025,0.014059503666102651,0.01858578680203046,0.008245234066553864,0.006541567963902989,0.004714720812182742,0.004814438804286521,0.004497067117879301,0.0037716300056401574,0.00809187817258883,3,-0.11521531830491666,0.7933756532683941,0.00017927429968039063,-0.1489208876548809,-0.0017036661026508743,0.008245234066553864,-0.11481493639437386,-0.003719443146312858,-0.00017927429968039063,2.2541248255670783,0.3519661574503984,-0.2941514954342447,-0.004318443316412861
sp22,2024-04-30,2.07126,,,657.3918150000001,32.081061655242536,42.72821463805699,-1.9370279397441,ALLOZ,ALL-P3,0.05378686868686869,0.06396127946127947,0.07370892255892254,0.02279377104377104,0.01722912457912458,0.008177777777777777,0.0066271043771043755,0.006283557800224466,0.006801346801346803,0.011087654320987654,2,-0.13903657838947392,0.7558698622548841,0.0022305499438832806,-0.11587599858421113,-0.00556464646464646,0.02279377104377104,-0.11992583000004482,-0.014317639000231593,-0.0022305499438832806,3.233730935411204,0.23374544059237476,-0.5678036429042879,-0.022675252525252522
sp22,2025-05-29,1.064900000000001,0.07,0.3725,240.29999999999998,21.354305518528392,42.72821463805699,-1.9370279397441,ALLOZ,ALL-P3,0.03570101010101009,0.04806111111111111,0.05744517396184062,0.01010516273849607,0.0048115600448933775,0.0004291806958473625,0.000745510662177329,0.0005599887766554434,0.0004704826038159371,0.0022972502805836134,0,-0.3548770578144281,0.476148694425625,-0.00013307893752338186,-0.04672639762348465,-0.005293602693602693,0.01010516273849607,-0.09047019289173787,-0.008082739564961786,0.00013307893752338186,5.6847351644324,0.08375916918781681,-0.89498718778446,-0.02102320426487093
sp22,2025-09-08,1.7356135899999998,0.24379310344827587,0.66,158.06142,5.157660297737663,42.72821463805699,-1.9370279397441,ALLOZ,ALL-P3,0.056752749719416386,0.08501156004489338,0.09693237934904601,0.021429124579124572,0.01230791245791246,0.0007583052749719417,0.0028049943883277214,0.0016663860830527493,0.0005026936026936027,0.0075099887766554435,1,-0.2703619796604754,0.5743544218274952,0.0019032248410026237,-0.026224535501078554,-0.009121212121212112,0.021429124579124572,-0.10861993294144388,-0.017155662266403,-0.0019032248410026237,4.523394270780142,0.1269742117192091,-0.8556961041106809,-0.03319102132435467
sp22,2026-04-20,0.34859999999999974,0.1733333333333333,0.41444444444444445,0.0,0.0,42.72821463805699,-1.9370279397441,ALLOZ,ALL-P3,0.04536352413019079,0.06755763187429853,0.08519848484848484,0.01663832772166105,0.00820185185185185,0.0,0.00011790123456790124,0.0012946127946127947,0.0020840628507295175,0.014748540965207632,2,-0.33963022871239706,0.49294929088180245,0.0004372989150766924,-0.0,-0.008436475869809201,0.01663832772166105,-0.10044582996891385,-0.014989754867903013,-0.0004372989150766924,5.120615861987555,0.09626757877722647,-0.8556162283103593,-0.030061840628507294
sp22,2026-08-27,0.2650999999999999,0.5013043478260869,1.193913043478261,,,42.72821463805699,-1.9370279397441,ALLOZ,ALL-P3,0.06138024691358025,0.08724051627384961,0.11355780022446688,0.020842312008978677,0.008095342312008978,0.0,0.0,0.0,0.0,0.009500112233445566,3,-0.44049768359160635,0.3884090358364071,-0.001631069958847738,-0.0,-0.0127469696969697,0.020842312008978677,-0.10379724477995522,-0.018717899987529617,0.001631069958847738,5.448426267467219,0.07128829808262503,-1.0,-0.03998425925925925
sp24,2024-04-30,2.53464,,,0.0,0.0,42.72287215555101,-1.9430245798620003,ALLOZ,ALL-P2,0.052166778523489936,0.06450436241610738,0.07919647651006713,0.02058831096196868,0.013842897091722595,0.004722595078299776,0.005813199105145414,0.004832326621923938,0.004825391498881432,0.005993512304250559,2,-0.1959098809349772,0.6723668161654247,0.0017163012677106626,-0.1117742081886928,-0.006745413870246086,0.02058831096196868,-0.10964434486105741,-0.013022355385107064,-0.0017163012677106626,3.846671864261286,0.1747918304163815,-0.619810745818125,-0.02593137583892618
sp24,2025-05-29,0.8279000000000007,,,0.0,0.0,42.72287215555101,-1.9430245798620003,ALLOZ,ALL-P2,0.03561616331096197,0.04589054809843401,0.05175475391498881,0.008984340044742729,0.006054586129753914,0.0036041946308724834,0.0037487695749440714,0.0037046420581655476,0.004165100671140939,0.0037542505592841153,0,-0.19481137688920627,0.6739043824701194,-6.0343027591350674e-05,-0.194119308680148,-0.002929753914988815,0.008984340044742729,-0.05407016904767633,-0.00430009392422144,6.0343027591350674e-05,5.7605515438247,0.11698608672159935,-0.4160852260456014,-0.01992032997762863
sp24,2025-08-19,,2.3486666666666665,30.898666666666667,,,42.72287215555101,-1.9430245798620003,ALLOZ,ALL-P2,0.05509004474272931,0.08105671140939598,0.09958914988814317,0.03479116331096197,0.031162919463087246,0.026451901565995525,0.02716778523489933,0.028087863534675614,0.029118959731543624,0.039032606263982104,2,-0.05501166410432321,0.8957136381027092,0.00081936241610738,-0.08852099312615679,-0.003628243847874725,0.03479116331096197,-0.037107408540323274,-0.007497728773836157,-0.00081936241610738,2.8624840451013234,0.3129148054591178,-0.10660629008687365,-0.03058487136465323
sp24,2025-09-08,1.06976034,,,0.0,0.0,42.72287215555101,-1.9430245798620003,ALLOZ,ALL-P2,0.05723417225950783,0.08479809843400447,0.0935550894854586,0.020177125279642057,0.010687527964205818,0.0015182326621923938,0.003349944071588367,0.0025230425055928415,0.00133506711409396,0.006286017897091723,1,-0.3074584133657086,0.5296853647922345,0.0004618120805369146,-0.06681124419706636,-0.009489597315436239,0.020177125279642057,-0.09898383639781683,-0.01505225631192074,-0.0004618120805369146,4.6366907172773555,0.11423780387561915,-0.7777071491750004,-0.03194418344519015
sp24,2026-04-20,0.09959999999999998,0.19870967741935483,0.6170967741935484,0.0,0.0,42.72287215555101,-1.9430245798620003,ALLOZ,ALL-P2,0.04533763982102908,0.06834317673378076,0.08585950782997763,0.01875167785234899,0.011734451901565995,0.00585665548098434,0.006815995525727068,0.008897818791946307,0.00958831096196868,0.017205480984340046,2,-0.23017765808340607,0.6257814364113577,-0.0001398806860551825,-0.1867721833036807,-0.007017225950782996,0.01875167785234899,-0.06390199423751533,-0.009564253932743865,0.0001398806860551825,4.578764018134097,0.13667038395797723,-0.3563847540217609,-0.03004530201342282
sp24,2026-08-27,0.26510000000000006,0.06888888888888889,1.03,,,42.72287215555101,-1.9430245798620003,ALLOZ,ALL-P2,0.061259731543624164,0.08605520134228188,0.10722919463087248,0.019117729306487696,0.008279530201342282,0.0005220357941834451,0.001023993288590604,0.0017465883668903806,0.0018051454138702462,0.012035290827740491,3,-0.39559427840028744,0.43308125502815764,-0.0009204958985831475,-0.03574500848138436,-0.010838199105145415,0.019117729306487696,-0.08987347815707807,-0.016044588970562126,0.0009204958985831475,5.608887588678417,0.07721339538027745,-0.8325765170725955,-0.038636633109619685
sp4,2025-06-30,2.2204615384615387,0.092,0.519,217.83737520000005,4.656591718884385,42.185525800247,-2.6811178028898,GONZALEZ LACASA,GON-P3,0.010513740886146945,0.017386707795849693,0.016656421761076838,0.0055790802019068985,0.002300729108244532,0.0,0.0,0.0,0.0,0.007408300616937747,1,-0.416044470700442,0.4123850213621513,-0.0003028416526453543,-0.0,-0.0032783510936623666,0.0055790802019068985,-0.1638827062763905,-0.005921696089166645,0.0003028416526453543,2.9855139482281983,0.13812865339546912,-1.0,-0.003899495232753787
sp4,2026-06-18,1.1977,0.12153846153846154,1.2096153846153845,,,42.185525800247,-2.6811178028898,GONZALEZ LACASA,GON-P3,0.0252790802019069,0.02926040381379697,0.03856085249579362,0.03321318003365116,0.03173034212002244,0.024713796971396532,0.02628726864834549,0.028745204711160974,0.03499001682557488,0.05272877173303422,3,-0.02283273010847693,0.9553539314173972,0.003050166386240413,-0.03477346290020741,-0.001482837913628722,0.03321318003365116,-0.06587868709029458,-0.008123276624914313,-0.003050166386240413,1.1610105523386882,0.8228641242691332,-0.07211252102346481,-0.001932417274256873
sp4,2026-08-31,1.1036666666666668,0.369,1.329,,,42.185525800247,-2.6811178028898,GONZALEZ LACASA,GON-P3,0.019255748738081887,0.015463376332024676,0.022522602355580488,0.003175154234436343,0.0004327537857543466,0.0002128435221536736,0.0002717330342120023,0.00013208076275939427,0.00021536735838474484,0.008665339315759957,1,-0.7601081938161637,0.13629378411318954,-0.0011625014021312394,-0.4248010742989173,-0.0027424004486819964,0.003175154234436343,-0.08011044013642603,-0.004071393851988355,0.0011625014021312394,7.093388444350239,0.019214199981074657,-0.92012617012617,-0.008302523836231075
sp5,2025-04-09,1.4009400000000003,,,0.0,0.0,42.98000453859867,-2.6749611900905332,URRUNAGA,URR-P3,0.021731685393258426,0.030909382022471905,0.04524308988764045,0.03397634831460674,0.030989887640449437,0.02122297752808989,0.02237421348314607,0.023416910112359548,0.023988820224719102,0.0398564606741573,0,-0.0459694275072877,0.9121017760206621,0.0038153370786516852,-0.06019583077925119,-0.0029864606741573027,0.03397634831460674,-0.13866179176312457,-0.011660792580702694,-0.0038153370786516852,1.3316054294213258,0.6849639959916903,-0.1839839467501958,-0.004140140449438202
sp5,2025-06-23,4.3351999999999995,0.7511111111111111,3.6555555555555554,1469.7659314285713,47.78430325680726,42.98000453859867,-2.6749611900905332,URRUNAGA,URR-P3,0.02007449438202247,0.03307561797752809,0.03870752808988763,0.033285674157303366,0.03709758426966293,0.04276747191011237,0.051008314606741566,0.05353578651685394,0.05681747191011236,0.060477471910112365,2,0.05415932989682507,1.1145210427268204,-0.0012450486891385738,0.132024108155778,0.003811910112359561,0.033285674157303366,0.28210120994881616,0.015157045478865719,0.0012450486891385738,1.16288851194545,0.9584074752465193,0.2332385587884735,-0.004616882022471916
sp5,2025-09-15,2.9241000000000006,0.7544186046511627,1.1104651162790697,11531.29905,95.2850239251493,42.98000453859867,-2.6749611900905332,URRUNAGA,URR-P3,0.016295842696629214,0.027336516853932583,0.041178314606741574,0.025193146067415732,0.02432724719101123,0.02158831460674157,0.024306685393258427,0.025949213483146067,0.02787247191011236,0.03798977528089888,1,-0.017485702746456885,0.9656295853607408,0.001056677902621718,-0.03050075162925331,-0.0008658988764045014,0.025193146067415732,0.011035091229324542,-0.0016407615480649208,-0.001056677902621718,1.6345046583920184,0.5907781176412804,0.014783584925972178,-0.007559634831460667
sp5,2025-12-12,1.5856,0.8237931034482758,2.1979310344827585,24.957066315789476,7.382550335570469,42.98000453859867,-2.6749611900905332,URRUNAGA,URR-P3,0.031616179775280896,0.0307338202247191,0.032784494382022474,0.02469893258426966,0.02590308988764045,0.026445168539325842,0.02850539325842697,0.027702415730337073,0.029785955056179775,0.03306157303370787,1,0.023796624019113775,1.0487534147179178,0.0002728314606741607,0.04977368625424742,0.0012041573033707911,0.02469893258426966,0.047285309200389834,0.0014371473158551785,-0.0002728314606741607,1.327364827211293,0.7901018568657423,0.0573169058176734,-0.004644859550561802
sp5,2026-02-25,1.5686491999999999,1.1747916666666667,1.3697916666666667,0.0,0.0,42.98000453859867,-2.6749611900905332,URRUNAGA,URR-P3,0.016965393258426966,0.04246067415730336,0.0633535393258427,0.05442297752808989,0.0504747191011236,0.03553016853932585,0.03875011235955056,0.041587022471910116,0.04008747191011236,0.04667022471910112,1,-0.03763913368777176,0.927452362838317,0.006127906367041197,-0.051067738887665796,-0.003948258426966292,0.05442297752808989,-0.1213065299419748,-0.011383852149099337,-0.006127906367041197,1.164095428133152,0.7967150634082149,-0.13369393871658963,-0.00249115168539326
sp5,2026-06-17,1.8925000000000003,0.5539655172413793,1.4286206896551723,,,42.98000453859867,-2.6749611900905332,URRUNAGA,URR-P3,0.025790730337078654,0.03547685393258427,0.03910477528089886,0.028794494382022476,0.030003314606741573,0.02985696629213483,0.034480786516853934,0.03560561797752809,0.03561,0.0423497191011236,1,0.020558933155997293,1.0419809498538655,0.0006421685393258423,0.04177617776993973,0.0012088202247190968,0.028794494382022476,0.09132441416651538,0.004272208489388266,-0.0006421685393258423,1.3580643147293288,0.7672544949106768,0.1057626042246419,-0.005759550561797739
sp5,2026-08-25,6.749799999999999,2.413846153846154,4.512307692307692,,,42.98000453859867,-2.6749611900905332,URRUNAGA,URR-P3,0.024370617977528094,0.03108365168539326,0.042897415730337084,0.03273230337078652,0.0331779213483146,0.02933056179775281,0.0318085393258427,0.03089275280898876,0.03127634831460675,0.04129926966292135,3,0.006760984041963664,1.01361401220318,0.0022598801498127253,0.012035311737846938,0.00044561797752808163,0.03273230337078652,-0.02486515301895494,-0.0034441569466738056,-0.0022598801498127253,1.3105529190659677,0.7734247106370827,-0.028912360510928728,-0.005305365168539328
sp7,2024-11-26,3.148739999999999,0.7127822580645161,0.8884274193548387,1.6421965714285713,0.4822763443453099,41.87613002101475,-1.790167705037,VAL,VAL-P3,0.004891840180078784,0.014871918964546989,0.029358244231851436,0.008749409116488464,0.003610579628587507,0.0,0.0,0.0,0.00017895329206527857,0.0029644907146876755,2,-0.41576328214280833,0.4126655389543148,-0.0004724779591071095,-0.0,-0.005138829487900957,0.008749409116488464,-0.19781543824827919,-0.007665884717421015,0.0004724779591071095,3.355454504524785,0.12298349996933079,-1.0,-0.007735002813731007
sp7,2025-04-01,360.38828571428576,3.601923076923077,23.97807692307692,0.0,0.0,41.87613002101475,-1.790167705037,VAL,VAL-P3,0.012924479459763648,0.010572087788407427,0.020775182892515474,0.006117051209904334,0.007267754642656163,0.0010990996060776588,0.0017617895329206526,0.0013306133933595947,0.0009194147439504783,0.006159088351153629,2,0.08597087215364436,1.1881140754369826,0.003826944288126056,0.028448415828039954,0.0011507034327518295,0.006117051209904334,-0.1526907355113897,-0.004794311439826353,-0.003826944288126056,3.396274149034038,0.349828672039006,-0.6426763383580794,-0.007904417557681485
sp7,2025-06-09,5.79675,0.8766666666666667,14.476060606060605,9516.370058,9.214830970556163,41.87613002101475,-1.790167705037,VAL,VAL-P3,0.05108570624648282,0.044381879572312884,0.07696921778277997,0.032375070343275185,0.03413612830613393,0.02347310073157006,0.02301480022509848,0.021268767585818797,0.022800956668542493,0.026564490714687673,1,0.026477615779284903,1.054395494563753,0.00650877508910148,0.03740409315865829,0.0017610579628587475,0.032375070343275185,-0.09152206283687371,-0.010017971969879677,-0.00650877508910148,2.3774224107212696,0.44350364066933623,-0.20703781060811896,-0.023177602701181764
sp7,2025-09-03,13.313150675,12.006363636363636,14.96,32931.520590453336,94.441633382497,41.87613002101475,-1.790167705037,VAL,VAL-P3,0.0,0.0010070343275182891,0.010247270680922904,0.005010129431626336,0.0032054023635340457,0.0,0.0,0.0,0.0,0.01215053460889139,3,-0.21967258031372008,0.639784342356509,0.0008673419621084222,-0.0,-0.00180472706809229,0.005010129431626336,-0.44517448459665276,-0.006347538655304552,-0.0008673419621084222,2.0453105694709652,0.3128054740957966,-1.0,-0.0017162070906021395
sp7,2026-03-12,22.970666666666666,0.6286666666666666,3.5926666666666662,0.0,0.0,41.87613002101475,-1.790167705037,VAL,VAL-P3,0.01349589195272932,0.030506021384355656,0.07475531795160381,0.03333821046707935,0.023764040517726508,0.0,0.0,0.0,0.0,0.007005289814293754,1,-0.1676671196709986,0.7128169204280748,0.008206208966422813,-0.0,-0.00957416994935284,0.03333821046707935,-0.3167184711632329,-0.028406012630525855,-0.008206208966422813,2.2423314540359875,0.3178909697516265,-1.0,-0.015921468767585815
sp7,2026-06-03,11.83517647058823,0.5295,6.8935,,,41.87613002101475,-1.790167705037,VAL,VAL-P3,0.033103995498030385,0.031194766460326387,0.041297917839054586,0.026558581879572312,0.025851547552054023,0.01880028137310073,0.017761733258300508,0.014500281373100731,0.021435340461451888,0.027309454136184585,0,-0.01349041368884002,0.9733783102304078,0.0034307259425998887,-0.0193603596569198,-0.000707034327518289,0.026558581879572312,-0.16633817085146274,-0.012198940071995783,-0.0034307259425998887,1.5549745097956122,0.6259770202653353,-0.29368325256025085,-0.0070161508159819926
sp7,2026-09-07,13.825599999999998,2.2660714285714283,12.305714285714286,,,41.87613002101475,-1.790167705037,VAL,VAL-P3,0.0,0.003254698930782217,0.021115588069780526,0.0016712436691052334,0.00016195835678109173,0.0,0.0,0.0,0.0,0.02132273494653911,3,-0.8233055009823184,0.09690888275304735,-0.0006179553554680173,-0.0,-0.0015092853123241418,0.0016712436691052334,-0.06857710248002587,-0.005351999178211896,0.0006179553554680173,12.63465553235908,0.007670085069185341,-1.0,-0.008967529544175575
sp8,2024-11-26,2.8219199999999995,,,0.0,0.0,41.876533600366,-1.792419160929275,VAL,VAL-P2,0.0028341189674523006,0.014853423120089785,0.027007744107744112,0.008211335578002245,0.0023253086419753087,0.0,0.0002497755331088664,0.00019191919191919194,0.0004741863075196408,0.0026431537598204263,2,-0.558624436124263,0.2831827563112502,-0.001506647961092406,-0.0,-0.0058860269360269364,0.008211335578002245,-0.19157173383237305,-0.00697648709315376,0.001506647961092406,3.289080546177713,0.0860978478135298,-0.9543226530257901,-0.006455190796857465
sp8,2025-04-01,37.368,,,0.0,0.0,41.876533600366,-1.792419160929275,VAL,VAL-P2,0.01410729517396184,0.010748709315375981,0.019900897867564535,0.005779629629629629,0.00623641975308642,0.00044135802469135805,0.001727384960718294,0.0010951739618406285,0.0013276655443322113,0.005320314253647586,2,0.038015000513716236,1.0790344974901207,0.003303868312757202,0.005593355013900453,0.00045679012345679025,0.005779629629629629,-0.1528390116006562,-0.004598425168795539,-0.003303868312757202,3.4432825531832263,0.3133737881872578,-0.6813948362977413,-0.007289029180695848
sp8,2025-09-03,12.555470999999997,15.987692307692308,20.501153846153844,74249.75992614399,97.6282109184926,41.876533600366,-1.792419160929275,VAL,VAL-P2,0.0,0.0007820987654320987,0.01000679012345679,0.004144725028058361,0.0020015151515151513,0.0,0.0,0.0,0.0,0.01170364758698092,3,-0.348702591165568,0.4829066193693388,6.73101384212494e-05,-0.0,-0.00214320987654321,0.004144725028058361,-0.38416606851210355,-0.005560523221634333,-6.73101384212494e-05,2.4143435464872254,0.20001570202051355,-1.0,-0.0018594276094276094
sp8,2026-03-12,13.516200000000001,0.30115384615384616,5.486538461538462,60.781800600000004,1.065790326180072,41.876533600366,-1.792419160929275,VAL,VAL-P2,0.013770931537598204,0.03129107744107744,0.07432721661054995,0.03372732884399551,0.025003535353535347,0.00040578002244668905,0.0007761503928170596,0.0006650392817059485,0.00040016835016835016,0.008284736251402918,1,-0.14853848329422212,0.7413434805106641,0.009047699214365872,-0.004197712315491611,-0.008723793490460166,0.03372732884399551,-0.3130356332599763,-0.028296851584629364,-0.009047699214365872,2.2037682543538413,0.33639811220895854,-0.961326345468548,-0.015938047138047133
sp8,2026-06-03,11.604124999999996,0.6955555555555556,3.8692592592592594,,,41.876533600366,-1.792419160929275,VAL,VAL-P2,0.00517800224466891,0.008189618406285072,0.01705448933782267,0.00023153759820426488,0.0,0.0,0.0,0.0,0.0,0.009246127946127947,2,-1.0,0.0,-0.00010805087916199028,,-0.00023153759820426488,0.00023153759820426488,-0.00917194620429032,-0.0019199846792439389,0.00010805087916199028,73.6575375666505,0.0,-1.0,-0.008295707070707072
